{
    "name": "reconstruction",
    "n_gpu": 1,
    "arch": {
        "type": "FireNet",
        "args": {
            "unet_kwargs": {
                "num_bins": 5,
                "skip_type": "sum",
                "recurrent_block_type": "convlstm",
                "num_encoders": 3,
                "base_num_channels": 16,
                "num_residual_blocks": 2,
                "use_upsample_conv": true,
                "final_activation": "",
                "norm": "none"
            }
        }
    },
    "data_loader": {
        "type": "NpyDataLoader",
        "args": {
            "data_file": "/Smat/Nemo/dataset/kitti_odometry_dataset/event_based_kitti_odometry/train/02",
            "batch_size": 1,
            "shuffle": true,
            "num_workers": 0,
            "pin_memory": true,
            "sequence_kwargs": {

            }
        }
    },
    "valid_data_loader": {
        "type": "NpyDataLoader",
        "args": {
            "data_file": "/Smat/Nemo/dataset/kitti_odometry_dataset/event_based_kitti_odometry/validation/00",
            "batch_size": 1,
            "shuffle": false,
            "num_workers": 0,
            "pin_memory": true,
            "sequence_kwargs": {

            }
        }
    },
    "optimizer": {
        "type": "Adam",
        "args": {
            "lr": 0.0001,
            "weight_decay": 0,
            "amsgrad": true
        }
    },
    "loss_ftns": {
        "l2_loss": {
            "weight": 3.0
        }
    },
    "lr_scheduler": {
        "type": "StepLR",
        "args": {
            "step_size": 50,
            "gamma": 1.0
        }
    },
    "trainer": {
        "epochs": 200,
        "save_dir": "/Smat/Nemo/github/ROS_projects/cedric/rpg_e2vid-cedric-firenet/pretrained/",
        "save_period": 5,
        "verbosity": 2,
        "monitor": "min loss",
        "num_previews": 4,
        "val_num_previews": 8,
        "tensorboard": true
    }
}
